[
  {
    "title": "The Shawshank Redemption",
    "status": "0",
    "id": "tt0111161"
  },
  {
    "title": "The Godfather",
    "status": "0",
    "id": "tt0068646"
  },
  {
    "title": "The Godfather: Part II",
    "status": "0",
    "id": "tt0071562"
  },
  {
    "title": "Pulp Fiction",
    "status": "0",
    "id": "tt0110912"
  },
  {
    "title": "The Good, the Bad and the Ugly",
    "status": "0",
    "id": "tt0060196"
  },
  {
    "title": "The Dark Knight",
    "status": "0",
    "id": "tt0468569"
  },
  {
    "title": "12 Angry Men",
    "status": "0",
    "id": "tt0050083"
  },
  {
    "title": "Schindler's List",
    "status": "0",
    "id": "tt0108052"
  },
  {
    "title": "The Lord of the Rings: The Return of the King",
    "status": "0",
    "id": "tt0167260"
  },
  {
    "title": "Fight Club",
    "status": "0",
    "id": "tt0137523"
  },
  {
    "title": "Star Wars: Episode V - The Empire Strikes Back",
    "status": "0",
    "id": "tt0080684"
  },
  {
    "title": "The Lord of the Rings: The Fellowship of the Ring",
    "status": "0",
    "id": "tt0120737"
  },
  {
    "title": "One Flew Over the Cuckoo's Nest",
    "status": "0",
    "id": "tt0073486"
  },
  {
    "title": "Inception",
    "status": "0",
    "id": "tt1375666"
  },
  {
    "title": "Goodfellas",
    "status": "0",
    "id": "tt0099685"
  },
  {
    "title": "Star Wars",
    "status": "0",
    "id": "tt0076759"
  },
  {
    "title": "Seven Samurai",
    "status": "0",
    "id": "tt0047478"
  }
]